asin_clean,sku_clean,units_api,refunds_api,sales_api,promo_api,ads_api,sponsored_products_api,sponsored_display_api,sponsored_brands_api,sponsored_brands_video_api,google_ads_api,facebook_ads_api,refunds_pct_api,sellable_quota_api,refund_cost_api,amazon_fees_api,cost_of_goods_api,shipping_api,gross_profit_api,net_profit_api,estimated_payout_api,expenses_api,margin_api,roi_api,bsr_api,real_acos_api,sessions_api,unit_session_pct_api,average_sales_price_api,units_sb,refunds_sb,sales_sb,promo_sb,ads_sb,sponsored_products_sb,sponsored_display_sb,sponsored_brands_sb,sponsored_brands_video_sb,google_ads_sb,facebook_ads_sb,refunds_pct_sb,sellable_quota_sb,refund_cost_sb,amazon_fees_sb,cost_of_goods_sb,shipping_sb,gross_profit_sb,net_profit_sb,estimated_payout_sb,expenses_sb,margin_sb,roi_sb,bsr_sb,real_acos_sb,sessions_sb,unit_session_pct_sb,average_sales_price_sb,delta_units,delta_refunds,delta_sales,delta_promo,delta_ads,delta_sponsored_products,delta_sponsored_display,delta_sponsored_brands,delta_sponsored_brands_video,delta_google_ads,delta_facebook_ads,delta_refunds_pct,delta_sellable_quota,delta_refund_cost,delta_amazon_fees,delta_cost_of_goods,delta_shipping,delta_gross_profit,delta_net_profit,delta_estimated_payout,delta_expenses,delta_margin,delta_roi,delta_bsr,delta_real_acos,delta_sessions,delta_unit_session_pct,delta_average_sales_price
,CARD_MOM,0.0,1.0,0.0,0.0,0.0,0.0,0.0,0.0,0.0,0.0,0.0,0.0,0.0,-3.44,0.0,0.0,0.0,0.0,-3.44,-3.44,0.0,0.0,0.0,0.0,0.0,0.0,0.0,0.0,0.0,0.0,0.0,0.0,0.0,0.0,0.0,0.0,0.0,0.0,0.0,0.0,0.0,0.0,0.0,0.0,0.0,0.0,0.0,0.0,0.0,0.0,0.0,0.0,0.0,0.0,0.0,0.0,0.0,1.0,0.0,0.0,0.0,0.0,0.0,0.0,0.0,0.0,0.0,0.0,0.0,-3.44,0.0,0.0,0.0,0.0,-3.44,-3.44,0.0,0.0,0.0,0.0,0.0,0.0,0.0,0.0
,ONM_DRAGONFLY_2PCS,0.0,1.0,0.0,0.0,0.0,0.0,0.0,0.0,0.0,0.0,0.0,0.0,0.0,-6.06,0.0,0.0,0.0,0.0,-6.06,-6.06,0.0,0.0,0.0,0.0,0.0,0.0,0.0,0.0,0.0,0.0,0.0,0.0,0.0,0.0,0.0,0.0,0.0,0.0,0.0,0.0,0.0,0.0,0.0,0.0,0.0,0.0,0.0,0.0,0.0,0.0,0.0,0.0,0.0,0.0,0.0,0.0,0.0,1.0,0.0,0.0,0.0,0.0,0.0,0.0,0.0,0.0,0.0,0.0,0.0,-6.06,0.0,0.0,0.0,0.0,-6.06,-6.06,0.0,0.0,0.0,0.0,0.0,0.0,0.0,0.0
B0CSJZLTP5,LY-IU2S-D65B,0.0,0.0,0.0,0.0,0.0,0.0,0.0,0.0,0.0,0.0,0.0,0.0,0.0,0.0,0.0,0.0,0.0,0.0,0.0,0.0,0.0,0.0,0.0,0.0,0.0,0.0,0.0,0.0,0.0,0.0,0.0,0.0,-3.0,-3.0,0.0,0.0,0.0,0.0,0.0,0.0,0.0,0.0,0.0,0.0,0.0,-3.0,-3.0,-3.0,0.0,0.0,0.0,222995.0,0.0,0.0,0.0,0.0,0.0,0.0,0.0,0.0,3.0,3.0,0.0,0.0,0.0,0.0,0.0,0.0,0.0,0.0,0.0,0.0,0.0,3.0,3.0,3.0,0.0,0.0,0.0,-222995.0,0.0,0.0,0.0,0.0
B0CYGVKSGQ,bible jar-01,0.0,0.0,0.0,0.0,0.0,0.0,0.0,0.0,0.0,0.0,0.0,0.0,0.0,0.0,0.0,0.0,0.0,0.0,0.0,0.0,0.0,0.0,0.0,0.0,0.0,0.0,0.0,0.0,0.0,0.0,0.0,0.0,-1.55,-1.55,0.0,0.0,0.0,0.0,0.0,0.0,0.0,0.0,0.0,0.0,0.0,-1.55,-1.55,-1.55,0.0,0.0,0.0,3313.0,0.0,0.0,0.0,0.0,0.0,0.0,0.0,0.0,1.55,1.55,0.0,0.0,0.0,0.0,0.0,0.0,0.0,0.0,0.0,0.0,0.0,1.55,1.55,1.55,0.0,0.0,0.0,-3313.0,0.0,0.0,0.0,0.0
B0DJR4343W,PU-2DN9-R32Y,0.0,0.0,0.0,0.0,0.0,0.0,0.0,0.0,0.0,0.0,0.0,0.0,0.0,0.0,0.0,0.0,0.0,0.0,0.0,0.0,0.0,0.0,0.0,0.0,0.0,0.0,0.0,0.0,0.0,0.0,0.0,0.0,-4.05,-4.05,0.0,0.0,0.0,0.0,0.0,0.0,0.0,0.0,0.0,0.0,0.0,-4.05,-4.05,-4.05,0.0,0.0,0.0,191682.0,0.0,0.0,0.0,0.0,0.0,0.0,0.0,0.0,4.05,4.05,0.0,0.0,0.0,0.0,0.0,0.0,0.0,0.0,0.0,0.0,0.0,4.05,4.05,4.05,0.0,0.0,0.0,-191682.0,0.0,0.0,0.0,0.0
B0DM93RNKC,bible jar_03,1.0,0.0,0.0,0.0,-5.17,-5.17,0.0,0.0,0.0,0.0,0.0,0.0,0.0,0.0,0.0,-1.5,0.0,-1.5,-6.67,0.0,0.0,0.0,-444.67,0.0,0.0,0.0,0.0,0.0,1.0,0.0,11.99,0.0,-5.17,-5.17,0.0,0.0,0.0,0.0,0.0,0.0,0.0,0.0,-6.33,-1.5,0.0,-1.01,-1.01,0.49,0.0,-8.42,-67.33,1568.0,43.12,0.0,0.0,11.99,0.0,0.0,-11.99,0.0,0.0,0.0,0.0,0.0,0.0,0.0,0.0,0.0,0.0,0.0,6.33,0.0,0.0,-0.49,-5.66,-0.49,0.0,8.42,-377.34,-1568.0,-43.12,0.0,0.0,-11.99
B0F18ZH23W,BIBLEJAR_DAD,2.0,0.0,0.0,0.0,-5.56,-4.1,0.0,-1.46,0.0,0.0,0.0,0.0,0.0,0.0,0.0,0.0,0.0,0.0,-5.56,0.0,0.0,0.0,0.0,0.0,0.0,0.0,0.0,0.0,2.0,0.0,19.96,0.0,-4.1,-4.1,0.0,0.0,0.0,0.0,0.0,0.0,0.0,0.0,-9.52,0.0,0.0,6.34,6.34,6.34,0.0,31.76,0.0,7055.0,20.54,0.0,0.0,9.98,0.0,0.0,-19.96,0.0,-1.46,0.0,0.0,-1.46,0.0,0.0,0.0,0.0,0.0,0.0,9.52,0.0,0.0,-6.34,-11.9,-6.34,0.0,-31.76,0.0,-7055.0,-20.54,0.0,0.0,-9.98
B0F192CQ83,HEARTJAR_DAD,1.0,0.0,7.98,0.0,-0.5,-0.46,0.0,-0.04,0.0,0.0,0.0,0.0,0.0,0.0,-4.44,0.0,0.0,3.54,3.04,3.54,0.0,38.1,0.0,0.0,6.27,0.0,0.0,7.98,1.0,0.0,7.98,0.0,0.0,0.0,0.0,0.0,0.0,0.0,0.0,0.0,0.0,0.0,-4.56,0.0,0.0,3.42,3.42,3.42,0.0,42.86,0.0,1568.0,0.0,0.0,0.0,7.98,0.0,0.0,0.0,0.0,-0.5,-0.46,0.0,-0.04,0.0,0.0,0.0,0.0,0.0,0.0,0.12,0.0,0.0,0.12,-0.38,0.12,0.0,-4.76,0.0,-1568.0,6.27,0.0,0.0,0.0
B0F2T9B1Y2,CS-S8XU-RCDA,1.0,0.0,5.89,0.0,-0.85,-0.82,0.0,-0.03,0.0,0.0,0.0,0.0,0.0,0.0,-4.12,0.0,0.0,1.77,0.92,1.77,0.0,15.62,0.0,0.0,14.43,0.0,0.0,5.89,1.0,0.0,5.89,0.0,-0.48,-0.48,0.0,0.0,0.0,0.0,0.0,0.0,0.0,0.0,-3.49,0.0,0.0,1.92,1.92,1.92,0.0,32.6,0.0,23637.0,8.15,0.0,0.0,5.89,0.0,0.0,0.0,0.0,-0.37,-0.34,0.0,-0.03,0.0,0.0,0.0,0.0,0.0,0.0,-0.63,0.0,0.0,-0.15,-1.0,-0.15,0.0,-16.98,0.0,-23637.0,6.28,0.0,0.0,0.0
B0F5V9C58F,CARD_MOM,0.0,0.0,0.0,0.0,0.0,0.0,0.0,0.0,0.0,0.0,0.0,0.0,0.0,0.0,0.0,0.0,0.0,0.0,0.0,0.0,0.0,0.0,0.0,0.0,0.0,0.0,0.0,0.0,0.0,1.0,0.0,0.0,0.0,0.0,0.0,0.0,0.0,0.0,0.0,0.0,0.0,-3.44,0.0,0.0,0.0,-3.44,-3.44,-3.44,0.0,0.0,0.0,745253.0,0.0,0.0,0.0,0.0,0.0,-1.0,0.0,0.0,0.0,0.0,0.0,0.0,0.0,0.0,0.0,0.0,0.0,3.44,0.0,0.0,0.0,3.44,3.44,3.44,0.0,0.0,0.0,-745253.0,0.0,0.0,0.0,0.0
B0F5V9Z11R,UY-AO7W-2FWB,2.0,0.0,15.98,0.0,-10.06,-9.97,0.0,-0.09,0.0,0.0,0.0,0.0,0.0,0.0,-6.01,-6.0,0.0,3.97,-6.09,9.97,0.0,-38.11,-101.5,0.0,62.95,0.0,0.0,7.99,2.0,0.0,31.96,0.0,-9.05,-9.05,0.0,0.0,0.0,0.0,0.0,0.0,0.0,0.0,-12.5,-6.0,0.0,4.41,4.41,10.41,0.0,13.8,73.5,1630.0,28.32,0.0,0.0,15.98,0.0,0.0,-15.98,0.0,-1.01,-0.92,0.0,-0.09,0.0,0.0,0.0,0.0,0.0,0.0,6.49,0.0,0.0,-0.44,-10.5,-0.44,0.0,-51.91,-175.0,-1630.0,34.63,0.0,0.0,-7.99
B0F62HNF16,ONM_NURSE,5.0,0.0,29.94,0.0,-11.59,-11.43,0.0,-0.16,0.0,0.0,0.0,0.0,0.0,0.0,-13.53,0.0,0.0,16.41,4.82,16.41,0.0,16.1,0.0,0.0,38.71,0.0,0.0,5.99,5.0,0.0,49.9,0.0,-9.7,-9.7,0.0,0.0,0.0,0.0,0.0,0.0,0.0,0.0,-23.26,0.0,0.0,16.94,16.94,16.94,0.0,33.95,0.0,3076.0,19.44,0.0,0.0,9.98,0.0,0.0,-19.96,0.0,-1.89,-1.73,0.0,-0.16,0.0,0.0,0.0,0.0,0.0,0.0,9.73,0.0,0.0,-0.53,-12.12,-0.53,0.0,-17.85,0.0,-3076.0,19.27,0.0,0.0,-3.99
B0F7RHY417,bible jar_05,1.0,0.0,9.98,0.0,-0.63,-0.58,0.0,-0.05,0.0,0.0,0.0,0.0,0.0,0.0,-4.74,0.0,0.0,5.24,4.61,5.24,0.0,46.19,0.0,0.0,6.31,0.0,0.0,9.98,1.0,0.0,9.98,0.0,0.0,0.0,0.0,0.0,0.0,0.0,0.0,0.0,0.0,0.0,-4.89,0.0,0.0,5.09,5.09,5.09,0.0,51.0,0.0,38620.0,0.0,0.0,0.0,9.98,0.0,0.0,0.0,0.0,-0.63,-0.58,0.0,-0.05,0.0,0.0,0.0,0.0,0.0,0.0,0.15,0.0,0.0,0.15,-0.48,0.15,0.0,-4.81,0.0,-38620.0,6.31,0.0,0.0,0.0
B0F8VBSG3T,CARVISOR_DAD,6.0,0.0,49.9,0.0,-5.5,-5.23,0.0,-0.27,0.0,0.0,0.0,0.0,0.0,0.0,-21.85,0.0,0.0,28.05,22.55,28.05,0.0,45.19,0.0,0.0,11.02,0.0,0.0,8.32,6.0,2.0,59.88,0.0,-2.35,-2.35,0.0,0.0,0.0,0.0,0.0,33.33,0.0,-17.32,-31.38,0.0,0.0,8.83,8.83,8.83,0.0,14.75,0.0,1471.0,3.92,0.0,0.0,9.98,0.0,-2.0,-9.98,0.0,-3.15,-2.88,0.0,-0.27,0.0,0.0,0.0,-33.33,0.0,17.32,9.53,0.0,0.0,19.22,13.72,19.22,0.0,30.44,0.0,-1471.0,7.1,0.0,0.0,-1.66
B0F9PGKBX2,POSITIVEJAR_TURTLE,6.0,0.0,55.96,0.0,-29.93,-29.63,0.0,-0.3,0.0,0.0,0.0,0.0,0.0,0.0,-23.84,-7.2,0.0,24.92,-5.01,32.12,0.0,-8.95,-69.58,0.0,53.48,0.0,0.0,9.33,6.0,0.0,83.94,0.0,-26.4,-26.4,0.0,0.0,0.0,0.0,0.0,0.0,0.0,0.0,-37.08,-7.2,0.0,13.26,13.26,20.46,0.0,15.8,184.17,55594.0,31.45,0.0,0.0,13.99,0.0,0.0,-27.98,0.0,-3.53,-3.23,0.0,-0.3,0.0,0.0,0.0,0.0,0.0,0.0,13.24,0.0,0.0,11.66,-18.27,11.66,0.0,-24.75,-253.75,-55594.0,22.03,0.0,0.0,-4.66
B0FDWNP259,SCHOOLBOARD_02,0.0,0.0,0.0,0.0,0.0,0.0,0.0,0.0,0.0,0.0,0.0,0.0,0.0,0.0,0.0,0.0,0.0,0.0,0.0,0.0,0.0,0.0,0.0,0.0,0.0,0.0,0.0,0.0,0.0,0.0,0.0,0.0,-2.88,-0.5,0.0,0.0,-2.38,0.0,0.0,0.0,0.0,0.0,4.73,0.0,0.0,1.85,1.85,1.85,0.0,0.0,0.0,8466.0,0.0,0.0,0.0,0.0,0.0,0.0,0.0,0.0,2.88,0.5,0.0,0.0,2.38,0.0,0.0,0.0,0.0,0.0,-4.73,0.0,0.0,-1.85,-1.85,-1.85,0.0,0.0,0.0,-8466.0,0.0,0.0,0.0,0.0
B0FDWR1DSY,MAGNET_APPLE,0.0,0.0,0.0,0.0,0.0,0.0,0.0,0.0,0.0,0.0,0.0,0.0,0.0,0.0,0.0,0.0,0.0,0.0,0.0,0.0,0.0,0.0,0.0,0.0,0.0,0.0,0.0,0.0,0.0,0.0,0.0,0.0,0.0,0.0,0.0,0.0,0.0,0.0,0.0,0.0,0.0,0.0,-0.84,0.0,0.0,-0.84,-0.84,-0.84,0.0,0.0,0.0,1630.0,0.0,0.0,0.0,0.0,0.0,0.0,0.0,0.0,0.0,0.0,0.0,0.0,0.0,0.0,0.0,0.0,0.0,0.0,0.84,0.0,0.0,0.84,0.84,0.84,0.0,0.0,0.0,-1630.0,0.0,0.0,0.0,0.0
B0FGJLYRZP,ONM_CEIL BLUE,0.0,0.0,0.0,0.0,0.0,0.0,0.0,0.0,0.0,0.0,0.0,0.0,0.0,0.0,0.0,0.0,0.0,0.0,0.0,0.0,0.0,0.0,0.0,0.0,0.0,0.0,0.0,0.0,0.0,0.0,0.0,0.0,-1.15,-1.15,0.0,0.0,0.0,0.0,0.0,0.0,0.0,0.0,0.0,0.0,0.0,-1.15,-1.15,-1.15,0.0,0.0,0.0,0.0,0.0,0.0,0.0,0.0,0.0,0.0,0.0,0.0,1.15,1.15,0.0,0.0,0.0,0.0,0.0,0.0,0.0,0.0,0.0,0.0,0.0,1.15,1.15,1.15,0.0,0.0,0.0,0.0,0.0,0.0,0.0,0.0
B0FGJRHYVR,ONM_BOOKDRAGON,0.0,0.0,0.0,0.0,0.0,0.0,0.0,0.0,0.0,0.0,0.0,0.0,0.0,0.0,0.0,0.0,0.0,0.0,0.0,0.0,0.0,0.0,0.0,0.0,0.0,0.0,0.0,0.0,0.0,0.0,0.0,0.0,0.0,0.0,0.0,0.0,0.0,0.0,0.0,0.0,0.0,0.0,4.3,0.0,0.0,4.3,4.3,4.3,0.0,0.0,0.0,0.0,0.0,0.0,0.0,0.0,0.0,0.0,0.0,0.0,0.0,0.0,0.0,0.0,0.0,0.0,0.0,0.0,0.0,0.0,-4.3,0.0,0.0,-4.3,-4.3,-4.3,0.0,0.0,0.0,0.0,0.0,0.0,0.0,0.0
B0FJRX2KDG,ONM_DRAGONFLY_2PCS,2.0,0.0,0.0,0.0,0.0,0.0,0.0,0.0,0.0,0.0,0.0,0.0,0.0,0.0,0.0,0.0,0.0,0.0,0.0,0.0,0.0,0.0,0.0,0.0,0.0,0.0,0.0,0.0,2.0,1.0,13.98,0.0,0.0,0.0,0.0,0.0,0.0,0.0,0.0,50.0,0.0,-6.06,-3.06,0.0,0.0,4.86,4.86,4.86,0.0,34.76,0.0,5316.0,0.0,0.0,0.0,6.99,0.0,-1.0,-13.98,0.0,0.0,0.0,0.0,0.0,0.0,0.0,0.0,-50.0,0.0,6.06,3.06,0.0,0.0,-4.86,-4.86,-4.86,0.0,-34.76,0.0,-5316.0,0.0,0.0,0.0,-6.99
B0FJRXPDVY,ONM_SUNFLOWER,5.0,0.0,0.0,0.0,0.0,0.0,0.0,0.0,0.0,0.0,0.0,0.0,0.0,0.0,0.0,0.0,0.0,0.0,0.0,0.0,0.0,0.0,0.0,0.0,0.0,0.0,0.0,0.0,5.0,0.0,29.95,0.0,0.0,0.0,0.0,0.0,0.0,0.0,0.0,0.0,0.0,0.0,-17.6,0.0,0.0,12.35,12.35,12.35,0.0,41.24,0.0,20234.0,0.0,0.0,0.0,5.99,0.0,0.0,-29.95,0.0,0.0,0.0,0.0,0.0,0.0,0.0,0.0,0.0,0.0,0.0,17.6,0.0,0.0,-12.35,-12.35,-12.35,0.0,-41.24,0.0,-20234.0,0.0,0.0,0.0,-5.99
B0FMNWGZH3,ONM_BOOKSTAINEDGLASS_MICAHOA,1.0,0.0,5.99,0.0,-0.38,-0.35,0.0,-0.03,0.0,0.0,0.0,0.0,0.0,0.0,-4.14,0.0,0.0,1.85,1.47,1.85,0.0,24.54,0.0,0.0,6.34,0.0,0.0,5.99,1.0,0.0,5.99,0.0,0.0,0.0,0.0,0.0,0.0,0.0,0.0,0.0,0.0,0.0,-3.51,0.0,0.0,2.48,2.48,2.48,0.0,41.4,0.0,24816.0,0.0,0.0,0.0,5.99,0.0,0.0,0.0,0.0,-0.38,-0.35,0.0,-0.03,0.0,0.0,0.0,0.0,0.0,0.0,-0.63,0.0,0.0,-0.63,-1.01,-0.63,0.0,-16.86,0.0,-24816.0,6.34,0.0,0.0,0.0
B0FS1TGQHQ,NATIVITY_RETRO_01,0.0,0.0,0.0,0.0,0.0,0.0,0.0,0.0,0.0,0.0,0.0,0.0,0.0,0.0,0.0,0.0,0.0,0.0,0.0,0.0,0.0,0.0,0.0,0.0,0.0,0.0,0.0,0.0,0.0,0.0,0.0,0.0,-0.35,-0.35,0.0,0.0,0.0,0.0,0.0,0.0,0.0,0.0,0.0,0.0,0.0,-0.35,-0.35,-0.35,0.0,0.0,0.0,0.0,0.0,0.0,0.0,0.0,0.0,0.0,0.0,0.0,0.35,0.35,0.0,0.0,0.0,0.0,0.0,0.0,0.0,0.0,0.0,0.0,0.0,0.35,0.35,0.35,0.0,0.0,0.0,0.0,0.0,0.0,0.0,0.0
B0FS68WLRJ,POSITIVEJAR_BEE,0.0,0.0,0.0,0.0,0.0,0.0,0.0,0.0,0.0,0.0,0.0,0.0,0.0,0.0,0.0,0.0,0.0,0.0,0.0,0.0,0.0,0.0,0.0,0.0,0.0,0.0,0.0,0.0,0.0,0.0,0.0,0.0,-2.8,-2.8,0.0,0.0,0.0,0.0,0.0,0.0,0.0,0.0,0.0,0.0,0.0,-2.8,-2.8,-2.8,0.0,0.0,0.0,916.0,0.0,0.0,0.0,0.0,0.0,0.0,0.0,0.0,2.8,2.8,0.0,0.0,0.0,0.0,0.0,0.0,0.0,0.0,0.0,0.0,0.0,2.8,2.8,2.8,0.0,0.0,0.0,-916.0,0.0,0.0,0.0,0.0
B0FX7MYQCH,CARVISOR_DRIVERSAFRDAD,1.0,0.0,4.99,0.0,-0.32,-0.29,0.0,-0.03,0.0,0.0,0.0,0.0,0.0,0.0,-3.99,0.0,0.0,1.0,0.68,1.0,0.0,13.63,0.0,0.0,6.41,0.0,0.0,4.99,1.0,0.0,4.99,0.0,0.0,0.0,0.0,0.0,0.0,0.0,0.0,0.0,0.0,0.0,-3.18,0.0,0.0,1.81,1.81,1.81,0.0,36.27,0.0,1471.0,0.0,0.0,0.0,4.99,0.0,0.0,0.0,0.0,-0.32,-0.29,0.0,-0.03,0.0,0.0,0.0,0.0,0.0,0.0,-0.81,0.0,0.0,-0.81,-1.13,-0.81,0.0,-22.64,0.0,-1471.0,6.41,0.0,0.0,0.0
B0GCBYR6Z7,VLT_LOVECOUPONS,0.0,0.0,0.0,0.0,0.0,0.0,0.0,0.0,0.0,0.0,0.0,0.0,0.0,0.0,0.0,0.0,0.0,0.0,0.0,0.0,0.0,0.0,0.0,0.0,0.0,0.0,0.0,0.0,0.0,0.0,0.0,0.0,0.0,0.0,0.0,0.0,0.0,0.0,0.0,0.0,0.0,0.0,-0.84,0.0,0.0,-0.84,-0.84,-0.84,0.0,0.0,0.0,311367.0,0.0,0.0,0.0,0.0,0.0,0.0,0.0,0.0,0.0,0.0,0.0,0.0,0.0,0.0,0.0,0.0,0.0,0.0,0.84,0.0,0.0,0.84,0.84,0.84,0.0,0.0,0.0,-311367.0,0.0,0.0,0.0,0.0
B0GFKLJQFJ,VLT_ILOVEYOUBECAUSE,1.0,0.0,13.99,0.0,-0.89,-0.81,0.0,-0.08,0.0,0.0,0.0,0.0,0.0,0.0,-5.96,-2.5,0.0,5.53,4.64,8.03,0.0,33.17,185.6,0.0,6.36,0.0,0.0,13.99,1.0,0.0,13.99,0.0,0.0,0.0,0.0,0.0,0.0,0.0,0.0,0.0,0.0,0.0,-6.17,-2.5,0.0,5.32,5.32,7.82,0.0,38.03,212.8,916.0,0.0,0.0,0.0,13.99,0.0,0.0,0.0,0.0,-0.89,-0.81,0.0,-0.08,0.0,0.0,0.0,0.0,0.0,0.0,0.21,0.0,0.0,0.21,-0.68,0.21,0.0,-4.86,-27.2,-916.0,6.36,0.0,0.0,0.0
B0GRTCMQDD,BIBLEJAR_DAD2026,0.0,0.0,0.0,0.0,0.0,0.0,0.0,0.0,0.0,0.0,0.0,0.0,0.0,0.0,0.0,0.0,0.0,0.0,0.0,0.0,0.0,0.0,0.0,0.0,0.0,0.0,0.0,0.0,0.0,0.0,0.0,0.0,-3.65,-2.19,0.0,0.0,-1.46,0.0,0.0,0.0,0.0,0.0,0.0,0.0,0.0,-3.65,-3.65,-3.65,0.0,0.0,0.0,8740.0,0.0,0.0,0.0,0.0,0.0,0.0,0.0,0.0,3.65,2.19,0.0,0.0,1.46,0.0,0.0,0.0,0.0,0.0,0.0,0.0,0.0,3.65,3.65,3.65,0.0,0.0,0.0,-8740.0,0.0,0.0,0.0,0.0
B0GS5R4ZS6,HANDPRINT_SIGN_MOM,0.0,0.0,0.0,0.0,0.0,0.0,0.0,0.0,0.0,0.0,0.0,0.0,0.0,0.0,0.0,0.0,0.0,0.0,0.0,0.0,0.0,0.0,0.0,0.0,0.0,0.0,0.0,0.0,0.0,0.0,0.0,0.0,-1.11,-1.11,0.0,0.0,0.0,0.0,0.0,0.0,0.0,0.0,0.0,0.0,0.0,-1.11,-1.11,-1.11,0.0,0.0,0.0,14859.0,0.0,0.0,0.0,0.0,0.0,0.0,0.0,0.0,1.11,1.11,0.0,0.0,0.0,0.0,0.0,0.0,0.0,0.0,0.0,0.0,0.0,1.11,1.11,1.11,0.0,0.0,0.0,-14859.0,0.0,0.0,0.0,0.0
B0GS645DBF,HANDPRINT_SIGN_DAD,8.0,0.0,87.84,0.0,-10.11,-9.64,0.0,-0.47,0.0,0.0,0.0,0.0,0.0,0.0,-39.1,0.0,0.0,48.74,38.63,48.74,0.0,43.98,0.0,0.0,11.51,0.0,0.0,10.98,8.0,0.0,87.84,0.0,-4.58,-4.58,0.0,0.0,0.0,0.0,0.0,0.0,0.0,0.0,-14.53,0.0,0.0,68.73,68.73,68.73,0.0,78.24,0.0,14859.0,5.21,0.0,0.0,10.98,0.0,0.0,0.0,0.0,-5.53,-5.06,0.0,-0.47,0.0,0.0,0.0,0.0,0.0,0.0,-24.57,0.0,0.0,-19.99,-30.1,-19.99,0.0,-34.26,0.0,-14859.0,6.3,0.0,0.0,0.0
B0GV365N6Z,STK_250_ANNI_2PCS,0.0,0.0,0.0,0.0,0.0,0.0,0.0,0.0,0.0,0.0,0.0,0.0,0.0,0.0,0.0,0.0,0.0,0.0,0.0,0.0,0.0,0.0,0.0,0.0,0.0,0.0,0.0,0.0,0.0,0.0,0.0,0.0,-2.61,-2.61,0.0,0.0,0.0,0.0,0.0,0.0,0.0,0.0,0.0,0.0,0.0,-2.61,-2.61,-2.61,0.0,0.0,0.0,264530.0,0.0,0.0,0.0,0.0,0.0,0.0,0.0,0.0,2.61,2.61,0.0,0.0,0.0,0.0,0.0,0.0,0.0,0.0,0.0,0.0,0.0,2.61,2.61,2.61,0.0,0.0,0.0,-264530.0,0.0,0.0,0.0,0.0
B0GVYF16BT,250TH_KEYCHAIN_DAIBANG,1.0,0.0,0.0,0.0,0.0,0.0,0.0,0.0,0.0,0.0,0.0,0.0,0.0,0.0,0.0,0.0,0.0,0.0,0.0,0.0,0.0,0.0,0.0,0.0,0.0,0.0,0.0,0.0,1.0,0.0,8.98,0.0,0.0,0.0,0.0,0.0,0.0,0.0,0.0,0.0,0.0,0.0,-1.48,0.0,0.0,7.5,7.5,7.5,0.0,83.52,0.0,7990.0,0.0,0.0,0.0,8.98,0.0,0.0,-8.98,0.0,0.0,0.0,0.0,0.0,0.0,0.0,0.0,0.0,0.0,0.0,1.48,0.0,0.0,-7.5,-7.5,-7.5,0.0,-83.52,0.0,-7990.0,0.0,0.0,0.0,-8.98
B0GVYQNCKJ,MOTHERDAY_CARD_TIMLEN_GRANDMA,1.0,0.0,6.98,0.0,-0.44,-0.4,0.0,-0.04,0.0,0.0,0.0,0.0,0.0,0.0,-4.29,0.0,0.0,2.69,2.25,2.69,0.0,32.23,0.0,0.0,6.3,0.0,0.0,6.98,1.0,0.0,6.98,0.0,0.0,0.0,0.0,0.0,0.0,0.0,0.0,0.0,0.0,0.0,-1.16,0.0,0.0,5.82,5.82,5.82,0.0,83.38,0.0,292807.0,0.0,0.0,0.0,6.98,0.0,0.0,0.0,0.0,-0.44,-0.4,0.0,-0.04,0.0,0.0,0.0,0.0,0.0,0.0,-3.13,0.0,0.0,-3.13,-3.57,-3.13,0.0,-51.15,0.0,-292807.0,6.3,0.0,0.0,0.0
B0GVYTQLYB,DESK-DECOR_AMERICA250,4.0,0.0,0.0,0.0,-18.08,-18.08,0.0,0.0,0.0,0.0,0.0,0.0,0.0,0.0,0.0,0.0,0.0,0.0,-18.08,0.0,0.0,0.0,0.0,0.0,0.0,0.0,0.0,0.0,4.0,0.0,51.92,0.0,-18.08,-18.08,0.0,0.0,0.0,0.0,0.0,0.0,0.0,0.0,-23.52,0.0,0.0,10.32,10.32,10.32,0.0,19.88,0.0,2733.0,34.82,0.0,0.0,12.98,0.0,0.0,-51.92,0.0,0.0,0.0,0.0,0.0,0.0,0.0,0.0,0.0,0.0,0.0,23.52,0.0,0.0,-10.32,-28.4,-10.32,0.0,-19.88,0.0,-2733.0,-34.82,0.0,0.0,-12.98
B0GVYXMMNX,NURSEBADGEREEL_STICKEM,0.0,0.0,0.0,0.0,0.0,0.0,0.0,0.0,0.0,0.0,0.0,0.0,0.0,0.0,0.0,0.0,0.0,0.0,0.0,0.0,0.0,0.0,0.0,0.0,0.0,0.0,0.0,0.0,0.0,0.0,0.0,0.0,-1.9,-1.9,0.0,0.0,0.0,0.0,0.0,0.0,0.0,0.0,0.0,0.0,0.0,-1.9,-1.9,-1.9,0.0,0.0,0.0,130236.0,0.0,0.0,0.0,0.0,0.0,0.0,0.0,0.0,1.9,1.9,0.0,0.0,0.0,0.0,0.0,0.0,0.0,0.0,0.0,0.0,0.0,1.9,1.9,1.9,0.0,0.0,0.0,-130236.0,0.0,0.0,0.0,0.0
B0GVZ1733Q,NURSEBADGEREEL_CUFFEM,0.0,0.0,0.0,0.0,0.0,0.0,0.0,0.0,0.0,0.0,0.0,0.0,0.0,0.0,0.0,0.0,0.0,0.0,0.0,0.0,0.0,0.0,0.0,0.0,0.0,0.0,0.0,0.0,0.0,0.0,0.0,0.0,-0.94,-0.94,0.0,0.0,0.0,0.0,0.0,0.0,0.0,0.0,0.0,0.0,0.0,-0.94,-0.94,-0.94,0.0,0.0,0.0,130236.0,0.0,0.0,0.0,0.0,0.0,0.0,0.0,0.0,0.94,0.94,0.0,0.0,0.0,0.0,0.0,0.0,0.0,0.0,0.0,0.0,0.0,0.94,0.94,0.94,0.0,0.0,0.0,-130236.0,0.0,0.0,0.0,0.0
B0GWQF4FM6,FATHERDAY_DADJOKESJAR,4.0,0.0,31.92,0.0,-13.34,-13.17,0.0,-0.17,0.0,0.0,0.0,0.0,0.0,0.0,-16.84,0.0,0.0,15.08,1.74,15.08,0.0,5.45,0.0,0.0,41.79,0.0,0.0,7.98,4.0,0.0,31.92,0.0,-11.33,-11.33,0.0,0.0,0.0,0.0,0.0,0.0,0.0,0.0,-17.32,0.0,0.0,3.27,3.27,3.27,0.0,10.24,0.0,1846.0,35.49,0.0,0.0,7.98,0.0,0.0,0.0,0.0,-2.01,-1.84,0.0,-0.17,0.0,0.0,0.0,0.0,0.0,0.0,0.48,0.0,0.0,11.81,-1.53,11.81,0.0,-4.79,0.0,-1846.0,6.3,0.0,0.0,0.0
B0GWRC6XR9,FATHERDAY_DADHAT,2.0,0.0,17.99,0.0,-9.1,-9.0,0.0,-0.1,0.0,0.0,0.0,0.0,0.0,0.0,-5.94,0.0,0.0,12.05,2.95,12.05,0.0,16.4,0.0,0.0,50.58,0.0,0.0,8.99,2.0,0.0,35.98,0.0,-7.96,-7.96,0.0,0.0,0.0,0.0,0.0,0.0,0.0,0.0,-15.49,0.0,0.0,12.53,12.53,12.53,0.0,34.82,0.0,4726.0,22.12,0.0,0.0,17.99,0.0,0.0,-17.99,0.0,-1.14,-1.04,0.0,-0.1,0.0,0.0,0.0,0.0,0.0,0.0,9.55,0.0,0.0,-0.48,-9.58,-0.48,0.0,-18.42,0.0,-4726.0,28.46,0.0,0.0,-9.0
B0GXKRXV5H,250TH_KEYCHAIN_CHUONG,7.0,0.0,0.0,0.0,0.0,0.0,0.0,0.0,0.0,0.0,0.0,0.0,0.0,0.0,0.0,0.0,0.0,0.0,0.0,0.0,0.0,0.0,0.0,0.0,0.0,0.0,0.0,0.0,7.0,0.0,62.86,0.0,0.0,0.0,0.0,0.0,0.0,0.0,0.0,0.0,0.0,0.0,-10.37,0.0,0.0,52.49,52.49,52.49,0.0,83.5,0.0,8690.0,0.0,0.0,0.0,8.98,0.0,0.0,-62.86,0.0,0.0,0.0,0.0,0.0,0.0,0.0,0.0,0.0,0.0,0.0,10.37,0.0,0.0,-52.49,-52.49,-52.49,0.0,-83.5,0.0,-8690.0,0.0,0.0,0.0,-8.98
B0GY4JSS94,FATHERDAY_BESTDADEVERHAT,1.0,0.0,17.98,0.0,-5.27,-1.79,0.0,-3.48,0.0,0.0,0.0,0.0,0.0,0.0,-5.94,0.0,0.0,12.04,6.77,12.04,0.0,37.65,0.0,0.0,29.31,0.0,0.0,17.98,1.0,0.0,17.98,0.0,-4.13,-0.75,0.0,0.0,-3.38,0.0,0.0,0.0,0.0,0.0,-7.73,0.0,0.0,6.12,6.12,6.12,0.0,34.04,0.0,8019.0,22.97,0.0,0.0,17.98,0.0,0.0,0.0,0.0,-1.14,-1.04,0.0,-3.48,3.38,0.0,0.0,0.0,0.0,0.0,1.79,0.0,0.0,5.92,0.65,5.92,0.0,3.61,0.0,-8019.0,6.34,0.0,0.0,0.0
B0GZGMLGDD,250TH_DOORSIGN_DAIBANG,1.0,0.0,0.0,0.0,-9.83,-9.83,0.0,0.0,0.0,0.0,0.0,0.0,0.0,0.0,0.0,0.0,0.0,0.0,-9.83,0.0,0.0,0.0,0.0,0.0,0.0,0.0,0.0,0.0,1.0,0.0,13.99,0.0,-9.83,-9.83,0.0,0.0,0.0,0.0,0.0,0.0,0.0,0.0,-5.76,0.0,0.0,-1.6,-1.6,-1.6,0.0,-11.44,0.0,2098.0,70.26,0.0,0.0,13.99,0.0,0.0,-13.99,0.0,0.0,0.0,0.0,0.0,0.0,0.0,0.0,0.0,0.0,0.0,5.76,0.0,0.0,1.6,-8.23,1.6,0.0,11.44,0.0,-2098.0,-70.26,0.0,0.0,-13.99
B0GZHBKGCM,250TH_DOORSIGN_250THANNIVERSARY,1.0,0.0,11.99,0.0,-1.05,-0.99,0.0,-0.06,0.0,0.0,0.0,0.0,0.0,0.0,-5.24,0.0,0.0,6.75,5.7,6.75,0.0,47.54,0.0,0.0,8.76,0.0,0.0,11.99,1.0,0.0,11.99,0.0,-0.3,-0.3,0.0,0.0,0.0,0.0,0.0,0.0,0.0,0.0,-5.64,0.0,0.0,6.05,6.05,6.05,0.0,50.46,0.0,2873.0,2.5,0.0,0.0,11.99,0.0,0.0,0.0,0.0,-0.75,-0.69,0.0,-0.06,0.0,0.0,0.0,0.0,0.0,0.0,0.4,0.0,0.0,0.7,-0.35,0.7,0.0,-2.92,0.0,-2873.0,6.26,0.0,0.0,0.0
B0H1LHR51Z,FATHERDAY_DADGIFTFROMDAUGHTER,1.0,0.0,7.99,0.0,-4.46,-4.42,0.0,-0.04,0.0,0.0,0.0,0.0,0.0,0.0,-4.44,0.0,0.0,3.55,-0.91,3.55,0.0,-11.39,0.0,0.0,55.82,0.0,0.0,7.99,1.0,0.0,7.99,0.0,-3.96,-3.96,0.0,0.0,0.0,0.0,0.0,0.0,0.0,0.0,-4.56,0.0,0.0,-0.53,-0.53,-0.53,0.0,-6.63,0.0,8699.0,49.56,0.0,0.0,7.99,0.0,0.0,0.0,0.0,-0.5,-0.46,0.0,-0.04,0.0,0.0,0.0,0.0,0.0,0.0,0.12,0.0,0.0,4.08,-0.38,4.08,0.0,-4.76,0.0,-8699.0,6.26,0.0,0.0,0.0
B0H1LJVKCY,250TH_DEVOM_LANDOFTHEFREE,0.0,0.0,0.0,0.0,0.0,0.0,0.0,0.0,0.0,0.0,0.0,0.0,0.0,0.0,0.0,0.0,0.0,0.0,0.0,0.0,0.0,0.0,0.0,0.0,0.0,0.0,0.0,0.0,0.0,0.0,0.0,0.0,-1.95,-1.95,0.0,0.0,0.0,0.0,0.0,0.0,0.0,0.0,0.0,0.0,0.0,-1.95,-1.95,-1.95,0.0,0.0,0.0,7372.0,0.0,0.0,0.0,0.0,0.0,0.0,0.0,0.0,1.95,1.95,0.0,0.0,0.0,0.0,0.0,0.0,0.0,0.0,0.0,0.0,0.0,1.95,1.95,1.95,0.0,0.0,0.0,-7372.0,0.0,0.0,0.0,0.0
B0H1LJX4T9,WEDDING_DEVOM_OURADVENTUREBEGIN,3.0,0.0,19.98,0.0,-29.67,-29.56,0.0,-0.11,0.0,0.0,0.0,0.0,0.0,0.0,-9.48,0.0,0.0,10.5,-19.17,10.5,0.0,-95.95,0.0,0.0,148.5,0.0,0.0,6.66,3.0,0.0,29.97,0.0,-28.41,-28.41,0.0,0.0,0.0,0.0,0.0,0.0,0.0,0.0,-14.66,0.0,0.0,-13.1,-13.1,-13.1,0.0,-43.71,0.0,1438.0,94.79,0.0,0.0,9.99,0.0,0.0,-9.99,0.0,-1.26,-1.15,0.0,-0.11,0.0,0.0,0.0,0.0,0.0,0.0,5.18,0.0,0.0,23.6,-6.07,23.6,0.0,-52.24,0.0,-1438.0,53.71,0.0,0.0,-3.33
B0H1LMRMX3,250TH_DEVOM_250YEARSFREEDOM1776-2026,0.0,0.0,0.0,0.0,0.0,0.0,0.0,0.0,0.0,0.0,0.0,0.0,0.0,0.0,0.0,0.0,0.0,0.0,0.0,0.0,0.0,0.0,0.0,0.0,0.0,0.0,0.0,0.0,0.0,0.0,0.0,0.0,-1.45,-1.45,0.0,0.0,0.0,0.0,0.0,0.0,0.0,0.0,0.0,0.0,0.0,-1.45,-1.45,-1.45,0.0,0.0,0.0,0.0,0.0,0.0,0.0,0.0,0.0,0.0,0.0,0.0,1.45,1.45,0.0,0.0,0.0,0.0,0.0,0.0,0.0,0.0,0.0,0.0,0.0,1.45,1.45,1.45,0.0,0.0,0.0,0.0,0.0,0.0,0.0,0.0
B0H1LN6K74,250TH_DEVOM_NEVERDORGOTTEN,2.0,0.0,19.96,0.0,-1.96,-1.85,0.0,-0.11,0.0,0.0,0.0,0.0,0.0,0.0,-9.48,0.0,0.0,10.48,8.52,10.48,0.0,42.69,0.0,0.0,9.82,0.0,0.0,9.98,2.0,0.0,19.96,0.0,-0.7,-0.7,0.0,0.0,0.0,0.0,0.0,0.0,0.0,0.0,-9.78,0.0,0.0,9.48,9.48,9.48,0.0,47.49,0.0,7372.0,3.51,0.0,0.0,9.98,0.0,0.0,0.0,0.0,-1.26,-1.15,0.0,-0.11,0.0,0.0,0.0,0.0,0.0,0.0,0.3,0.0,0.0,1.0,-0.96,1.0,0.0,-4.8,0.0,-7372.0,6.31,0.0,0.0,0.0
B0H2LZ5LCX,250TH_GNOME_USA250,1.0,0.0,0.0,0.0,0.0,0.0,0.0,0.0,0.0,0.0,0.0,0.0,0.0,0.0,0.0,0.0,0.0,0.0,0.0,0.0,0.0,0.0,0.0,0.0,0.0,0.0,0.0,0.0,1.0,0.0,9.99,0.0,0.0,0.0,0.0,0.0,0.0,0.0,0.0,0.0,0.0,0.0,-4.18,0.0,0.0,5.81,5.81,5.81,0.0,58.16,0.0,4200.0,0.0,0.0,0.0,9.99,0.0,0.0,-9.99,0.0,0.0,0.0,0.0,0.0,0.0,0.0,0.0,0.0,0.0,0.0,4.18,0.0,0.0,-5.81,-5.81,-5.81,0.0,-58.16,0.0,-4200.0,0.0,0.0,0.0,-9.99
B0H2LZQHTH,250TH_GNOME_AMERICA250,3.0,0.0,19.98,0.0,-7.02,-6.91,0.0,-0.11,0.0,0.0,0.0,0.0,0.0,0.0,-8.04,0.0,0.0,11.94,4.92,11.94,0.0,24.62,0.0,0.0,35.14,0.0,0.0,6.66,3.0,0.0,29.97,0.0,-5.76,-5.76,0.0,0.0,0.0,0.0,0.0,0.0,0.0,0.0,-12.53,0.0,0.0,11.68,11.68,11.68,0.0,38.97,0.0,4200.0,19.22,0.0,0.0,9.99,0.0,0.0,-9.99,0.0,-1.26,-1.15,0.0,-0.11,0.0,0.0,0.0,0.0,0.0,0.0,4.49,0.0,0.0,0.26,-6.76,0.26,0.0,-14.35,0.0,-4200.0,15.92,0.0,0.0,-3.33
